>>> 0422-11-43-12-795-Epo_0-Bs_256-sgd-Lr_0.1-decay0.0005-Mom_0.9-Max_600-NormF-T_16.00-tw_16.0-0.1-soft_proto-Avg_acc:[99.131, 94.519, 90.713] 
 Seen_acc:[97.727, 97.157] 
 Unseen_acc:[81.59, 83.546] 
 HMean_acc:[88.932, 89.839] 
>>> 0422-11-46-48-848-Epo_0-Bs_256-sgd-Lr_0.1-decay0.0005-Mom_0.9-Max_600-NormF-T_16.00-tw_16.0-0.1-soft_proto-Avg_acc:[99.131, 94.519, 90.713] 
 Seen_acc:[97.727, 97.157] 
 Unseen_acc:[81.59, 83.546] 
 HMean_acc:[88.932, 89.839] 
>>> 0422-12-03-21-611-Epo_0-Bs_256-sgd-Lr_0.1-decay0.0005-Mom_0.9-Max_600-NormF-T_16.00-tw_16.0-0.1-hard_proto-Avg_acc:[99.131, 94.262, 90.053] 
 Seen_acc:[97.91, 97.394] 
 Unseen_acc:[79.556, 81.261] 
 HMean_acc:[87.784, 88.599] 
>>> 0422-16-27-04-436-Epo_0-Bs_256-sgd-Lr_0.1-decay0.0005-Mom_0.9-Max_600-NormF-T_16.00-tw_16.0-0.1-soft_proto-Avg_acc:[99.758, 96.5, 93.573] 
 Seen_acc:[98.857, 98.279] 
 Unseen_acc:[85.005, 88.76] 
 HMean_acc:[91.409, 93.277] 
>>> 0422-16-29-51-727-Epo_0-Bs_256-sgd-Lr_0.1-decay0.0005-Mom_0.9-Max_600-NormF-T_16.00-tw_16.0-0.1-hard_proto-Avg_acc:[99.758, 96.318, 92.733] 
 Seen_acc:[99.113, 98.611] 
 Unseen_acc:[81.76, 86.415] 
 HMean_acc:[89.604, 92.111] 
>>> 0422-22-34-42-530-Epo_0-Bs_256-sgd-Lr_0.1-decay0.0005-Mom_0.9-Max_600-NormF-T_16.00-tw_16.0-0.1-hard_proto-Avg_acc:[99.758, 96.318, 92.733] 
 Seen_acc:[99.113, 98.611] 
 Unseen_acc:[81.76, 86.415] 
 HMean_acc:[89.604, 92.111] 
>>> 0422-22-49-43-822-Epo_0-Bs_256-sgd-Lr_0.1-decay0.0005-Mom_0.9-Max_600-NormF-T_16.00-tw_16.0-0.1-soft_proto-Avg_acc:[99.758, 96.5, 93.573] 
 Seen_acc:[98.857, 98.279] 
 Unseen_acc:[85.005, 88.76] 
 HMean_acc:[91.409, 93.277] 
>>> 0422-23-59-35-721-Epo_100-Bs_256-sgd-Lr_0.1-decay0.0005-Mom_0.9-Max_600-NormF-T_16.00-tw_16.0-0.1-soft_proto-Avg_acc:[99.96, 94.433, 94.147] 
 Seen_acc:[97.904, 97.027] 
 Unseen_acc:[82.182, 90.379] 
 HMean_acc:[89.357, 93.585] 
>>> 0423-14-49-08-997-Epo_0-Bs_128-sgd-Lr_0.1-decay0.0005-Mom_0.9-Max_100-NormF-T_16.00-tw_16.0-0.1-soft_proto-Avg_acc:[99.909, 95.806, 93.223] 
 Seen_acc:[98.336, 97.851] 
 Unseen_acc:[84.92, 88.994] 
 HMean_acc:[91.137, 93.213] 
>>> 0423-19-32-25-882-Epo_50-Bs_128-sgd-Lr_0.1-decay0.0005-Mom_0.9-Max_100-NormF-T_16.00-tw_16.0-0.1-soft_proto-Avg_acc:[99.98, 95.62, 94.77] 
 Seen_acc:[97.962, 97.779] 
 Unseen_acc:[86.951, 91.935] 
 HMean_acc:[92.129, 94.767] 
>>> 0423-22-56-07-065-Epo_10-Bs_128-sgd-Lr_0.1-decay0.0005-Mom_0.9-Max_100-NormF-T_16.00-tw_16.0-0.1-soft_proto-Avg_acc:[99.899, 94.033, 90.453] 
 Seen_acc:[97.656, 97.381] 
 Unseen_acc:[82.624, 86.033] 
 HMean_acc:[89.513, 91.356] 
>>> 0423-23-05-21-546-Epo_0-Bs_128-sgd-Lr_0.1-decay0.0005-Mom_0.9-Max_100-NormF-T_16.00-tw_16.0-0.1-hard_proto-Avg_acc:[99.249, 94.224, 90.847] 
 Seen_acc:[97.802, 97.472] 
 Unseen_acc:[82.469, 85.94] 
 HMean_acc:[89.483, 91.343] 
>>> 0423-23-07-55-394-Epo_0-Bs_128-sgd-Lr_0.1-decay0.0005-Mom_0.9-Max_100-NormF-T_16.00-tw_16.0-0.1-soft_proto-Avg_acc:[99.249, 94.033, 90.453] 
 Seen_acc:[97.656, 97.381] 
 Unseen_acc:[82.624, 86.033] 
 HMean_acc:[89.513, 91.356] 
>>> 0423-23-20-11-798-Epo_0-Bs_128-sgd-Lr_0.1-decay0.0005-Mom_0.9-Max_100-NormF-T_16.00-tw_16.0-0.1-soft_proto-Avg_acc:[99.817, 96.684, 94.041] 
 Seen_acc:[99.004, 98.416] 
 Unseen_acc:[85.23, 89.214] 
 HMean_acc:[91.602, 93.589] 
>>> 0423-23-20-39-711-Epo_0-Bs_128-sgd-Lr_0.1-decay0.0005-Mom_0.9-Max_100-NormF-T_16.00-tw_16.0-0.1-hard_proto-Avg_acc:[99.817, 96.468, 93.498] 
 Seen_acc:[99.186, 98.72] 
 Unseen_acc:[82.109, 87.016] 
 HMean_acc:[89.843, 92.499] 
>>> 0527-22-05-58-720-Epo_10-Bs_128-sgd-Lr_0.1-decay0.0005-Mom_0.9-Max_100-NormF-T_16.00-tw_16.0-0.1-soft_proto-Avg_acc:[99.671, 92.255, 90.604, 88.926] 
 Seen_acc:[96.526, 95.693, 95.479] 
 Unseen_acc:[88.602, 80.997, 81.138] 
 HMean_acc:[92.394, 87.734, 87.726] 
>>> 0528-11-25-26-421-Epo_10-Bs_128-sgd-Lr_0.1-decay0.0005-Mom_0.9-Max_100-NormF-T_16.00-tw_16.0-0.1-soft_proto-Avg_acc:[99.671, 92.255, 90.604, 88.926] 
 Seen_acc:[96.526, 95.693, 95.479] 
 Unseen_acc:[88.602, 80.997, 81.138] 
 HMean_acc:[92.394, 87.734, 87.726] 
>>> 0528-11-56-06-794-Epo_10-Bs_128-sgd-Lr_0.1-decay0.0005-Mom_0.9-Max_100-NormF-T_16.00-tw_16.0-0.1-soft_proto-Avg_acc:[99.671, 92.255, 90.604, 88.926] 
 Seen_acc:[96.526, 95.693, 95.479] 
 Unseen_acc:[88.602, 80.997, 81.138] 
 HMean_acc:[92.394, 87.734, 87.726] 
>>> 0528-15-01-06-906-Epo_10-Bs_128-sgd-Lr_0.1-decay0.0005-Mom_0.9-Max_100-NormF-T_16.00-tw_16.0-0.1-soft_proto-Avg_acc:[99.465, 92.952, 90.642, 89.407] 
 Seen_acc:[97.752, 96.185, 95.337] 
 Unseen_acc:[92.757, 81.433, 82.665] 
 HMean_acc:[95.189, 88.196, 88.55] 
>>> 0528-19-38-35-586-Epo_0-Bs_128-sgd-Lr_0.1-decay0.0005-Mom_0.9-Max_100-NormF-T_16.00-tw_16-0.1-hard_proto-Avg_acc:[99.548, 91.928, 89.545, 85.917] 
 Seen_acc:[96.88, 96.274, 95.781] 
 Unseen_acc:[77.773, 67.41, 66.841] 
 HMean_acc:[86.281, 79.297, 78.736] 
>>> 0528-19-40-07-700-Epo_0-Bs_128-sgd-Lr_0.1-decay0.0005-Mom_0.9-Max_100-NormF-T_16.00-tw_16-0.1-soft_proto-Avg_acc:[99.548, 92.038, 89.62, 86.03] 
 Seen_acc:[96.665, 95.971, 95.642] 
 Unseen_acc:[79.42, 67.745, 66.581] 
 HMean_acc:[87.198, 79.425, 78.508] 
>>> 0528-19-56-13-423-Epo_100-Bs_128-sgd-Lr_0.1-decay0.0005-Mom_0.9-Max_100-NormF-T_16.00-tw_16.0-0.1-soft_proto-Avg_acc:[99.918, 92.018, 90.88, 89.394] 
 Seen_acc:[97.411, 96.084, 95.958] 
 Unseen_acc:[87.009, 83.376, 84.758] 
 HMean_acc:[91.917, 89.28, 90.011] 
>>> 0528-21-54-49-540-Epo_100-Bs_128-sgd-Lr_0.1-decay0.0005-Mom_0.9-Max_100-NormF-T_16.00-tw_16.0-0.1-soft_proto-Avg_acc:[99.99, 96.579, 96.828] 
 Seen_acc:[97.533, 97.497] 
 Unseen_acc:[93.654, 96.075] 
 HMean_acc:[95.554, 96.781] 
>>> 0602-20-08-42-560-Epo_100-Bs_128-sgd-Lr_0.1-decay0.0005-Mom_0.9-Max_100-NormF-T_16.00-tw_16.0-0.1-soft_proto-Avg_acc:[100.0, 79.166, 85.965, 91.847] 
 Seen_acc:[98.706, 98.128, 96.959] 
 Unseen_acc:[66.572, 82.563, 85.63] 
 HMean_acc:[79.515, 89.675, 90.943] 
>>> 0604-22-00-24-671-Epo_100-Bs_128-sgd-Lr_0.1-decay0.0005-Mom_0.9-Max_100-NormF-T_16.00-tw_16.0-0.1-soft_proto-Avg_acc:[99.183, 95.123, 93.607] 
 Seen_acc:[96.779, 96.346] 
 Unseen_acc:[86.75, 86.75] 
 HMean_acc:[91.49, 91.297] 
>>> 0604-23-04-40-014-Epo_100-Bs_128-sgd-Lr_0.1-decay0.0005-Mom_0.9-Max_100-NormF-T_16.00-tw_16.0-0.1-soft_proto-Avg_acc:[99.038, 95.177, 93.368] 
 Seen_acc:[96.875, 96.01] 
 Unseen_acc:[87.25, 86.5] 
 HMean_acc:[91.811, 91.007] 
>>> 0611-13-26-15-799-Epo_100-Bs_128-sgd-Lr_0.1-decay0.0005-Mom_0.9-Max_100-NormF-T_16.00-tw_16.0-0.1-soft_proto-Avg_acc:[100.0, 96.772, 94.695] 
 Seen_acc:[97.452, 96.923] 
 Unseen_acc:[93.25, 89.25] 
 HMean_acc:[95.305, 92.928] 
>>> 0617-21-37-49-034-Epo_0-Bs_128-sgd-Lr_0.1-decay0.0005-Mom_0.9-Max_100-NormF-T_16.00-tw_16-0.1-hard_proto-Avg_acc:[99.954, 96.289, 94.497] 
 Seen_acc:[99.135, 97.885] 
 Unseen_acc:[80.75, 87.375] 
 HMean_acc:[89.003, 92.332] 
>>> 0617-21-40-23-530-Epo_0-Bs_128-sgd-Lr_0.1-decay0.0005-Mom_0.9-Max_100-NormF-T_16.00-tw_16-0.1-hard_proto-Avg_acc:[99.908, 96.765, 93.22] 
 Seen_acc:[97.644, 97.163] 
 Unseen_acc:[92.5, 88.375] 
 HMean_acc:[95.002, 92.561] 
>>> 0625-19-27-45-198-Epo_100-Bs_128-sgd-Lr_0.1-decay0.0005-Mom_0.9-Max_100-NormF-T_16.00-tw_16.0-0.1-soft_proto-Avg_acc:[100.0, 97.5, 96.712] 
 Seen_acc:[98.077, 97.933] 
 Unseen_acc:[94.5, 93.625] 
 HMean_acc:[96.255, 95.731] 
>>> 0625-20-20-54-000-Epo_0-Bs_128-sgd-Lr_0.1-decay0.0005-Mom_0.9-Max_100-NormF-T_16.00-tw_16.0-0.1-hard_proto-Avg_acc:[99.908, 97.852, 96.209] 
 Seen_acc:[98.269, 98.125] 
 Unseen_acc:[95.25, 92.625] 
 HMean_acc:[96.736, 95.296] 
>>> 0625-20-21-51-551-Epo_0-Bs_128-sgd-Lr_0.1-decay0.0005-Mom_0.9-Max_100-NormF-T_16.00-tw_16.0-0.1-hard_proto-Avg_acc:[99.908, 97.852, 96.209] 
 Seen_acc:[98.269, 98.125] 
 Unseen_acc:[95.25, 92.625] 
 HMean_acc:[96.736, 95.296] 
>>> 0625-20-23-48-754-Epo_0-Bs_128-sgd-Lr_0.1-decay0.0005-Mom_0.9-Max_100-NormF-T_16.00-tw_16.0-0.1-hard_proto-Avg_acc:[99.908, 97.852, 96.209] 
 Seen_acc:[98.269, 98.125] 
 Unseen_acc:[95.25, 92.625] 
 HMean_acc:[96.736, 95.296] 
>>> 0625-20-28-11-462-Epo_0-Bs_128-sgd-Lr_0.1-decay0.0005-Mom_0.9-Max_100-NormF-T_16.00-tw_16.0-0.1-hard_proto-Avg_acc:[100.0, 98.633, 95.312] 
 Seen_acc:[99.952, 99.952] 
 Unseen_acc:[91.5, 88.0] 
 HMean_acc:[95.539, 93.596] 
>>> 0625-21-14-34-938-Epo_0-Bs_128-sgd-Lr_0.1-decay0.0005-Mom_0.9-Max_100-NormF-T_16.00-tw_16.0-0.1-hard_proto-Avg_acc:[100.0, 98.185, 94.965] 
 Seen_acc:[100.0, 100.0] 
 Unseen_acc:[88.75, 81.875] 
 HMean_acc:[94.04, 90.034] 
>>> 0625-21-20-25-717-Epo_0-Bs_128-sgd-Lr_0.1-decay0.0005-Mom_0.9-Max_100-NormF-T_16.00-tw_16.0-0.1-soft_proto-Avg_acc:[100.0, 98.185, 95.069] 
 Seen_acc:[100.0, 100.0] 
 Unseen_acc:[88.75, 82.25] 
 HMean_acc:[94.04, 90.261] 
>>> 0625-21-33-22-887-Epo_0-Bs_128-sgd-Lr_0.1-decay0.0005-Mom_0.9-Max_100-NormF-T_16.00-tw_16.0-0.1-soft_proto-Avg_acc:[99.663, 97.086, 94.287] 
 Seen_acc:[98.413, 96.538] 
 Unseen_acc:[90.5, 88.75] 
 HMean_acc:[94.291, 92.48] 
>>> 0625-22-01-33-041-Epo_0-Bs_128-sgd-Lr_0.1-decay0.0005-Mom_0.9-Max_100-NormF-T_16.00-tw_16.0-0.1-soft_proto-Avg_acc:[99.663, 97.086, 94.287] 
 Seen_acc:[98.413, 96.538] 
 Unseen_acc:[90.5, 88.75] 
 HMean_acc:[94.291, 92.48] 
>>> 0625-22-15-41-872-Epo_0-Bs_128-sgd-Lr_0.1-decay0.0005-Mom_0.9-Max_100-NormF-T_16.00-tw_16.0-0.1-hard_proto-Avg_acc:[100.0, 98.185, 94.965] 
 Seen_acc:[100.0, 100.0] 
 Unseen_acc:[88.75, 81.875] 
 HMean_acc:[94.04, 90.034] 
>>> 0625-23-13-57-151-Epo_0-Bs_128-sgd-Lr_0.1-decay0.0005-Mom_0.9-Max_100-NormF-T_16.00-tw_16.0-0.1-hard_proto-Avg_acc:[99.471, 97.218, 95.715] 
 Seen_acc:[97.308, 97.163] 
 Unseen_acc:[96.75, 92.125] 
 HMean_acc:[97.028, 94.577] 
>>> 0705-17-34-20-679-Epo_0-Bs_128-sgd-Lr_0.1-decay0.0005-Mom_0.9-Max_100-NormF-T_16.00-tw_16.0-0.1-hard_proto-Avg_acc:[99.784, 98.86, 97.326] 
 Seen_acc:[99.44, 98.836] 
 Unseen_acc:[95.5, 91.964] 
 HMean_acc:[97.43, 95.276] 
>>> 0706-11-12-03-930-Epo_100-Bs_128-sgd-Lr_0.1-decay0.0005-Mom_0.9-Max_100-NormF-T_16.00-tw_16.0-0.1-hard_proto-Avg_acc:[99.516, 92.465, 89.706] 
 Seen_acc:[97.903, 96.703] 
 Unseen_acc:[58.75, 71.75] 
 HMean_acc:[73.434, 82.378] 
>>> 0707-09-47-35-633-Epo_0-Bs_128-sgd-Lr_0.1-decay0.0005-Mom_0.9-Max_100-NormF-T_16.00-tw_16.0-0.1-hard_proto-Avg_acc:[99.073, 93.819, 90.916] 
 Seen_acc:[97.056, 96.895] 
 Unseen_acc:[73.75, 77.875] 
 HMean_acc:[83.813, 86.35] 
>>> 0707-09-50-13-043-Epo_100-Bs_128-sgd-Lr_0.1-decay0.0005-Mom_0.9-Max_100-NormF-T_16.00-tw_16.0-0.1-hard_proto-Avg_acc:[99.615, 97.702, 95.938] 
 Seen_acc:[97.885, 97.885] 
 Unseen_acc:[96.75, 90.875] 
 HMean_acc:[97.314, 94.25] 
>>> 0707-10-28-06-210-Epo_0-Bs_128-sgd-Lr_0.1-decay0.0005-Mom_0.9-Max_100-NormF-T_16.00-tw_16.0-0.1-hard_proto-Avg_acc:[99.073, 93.819, 90.916] 
 Seen_acc:[97.056, 96.895] 
 Unseen_acc:[73.75, 77.875] 
 HMean_acc:[83.813, 86.35] 
>>> 0707-11-53-44-145-Epo_100-Bs_128-sgd-Lr_0.1-decay0.0005-Mom_0.9-Max_100-NormF-T_16.00-tw_16.0-0.1-hard_proto-Avg_acc:[99.718, 92.118, 91.463] 
 Seen_acc:[97.702, 97.339] 
 Unseen_acc:[57.5, 75.125] 
 HMean_acc:[72.394, 84.801] 
>>> 0707-15-58-02-013-Epo_100-Bs_128-sgd-Lr_0.1-decay0.0005-Mom_0.9-Max_100-NormF-T_16.00-tw_16.0-0.1-hard_proto-Avg_acc:[99.722, 96.406, 94.433] 
 Seen_acc:[97.407, 97.222] 
 Unseen_acc:[91.0, 88.0] 
 HMean_acc:[94.095, 92.381] 
>>> 0707-16-36-04-132-Epo_100-Bs_128-sgd-Lr_0.1-decay0.0005-Mom_0.9-Max_100-NormF-T_16.00-tw_16.0-0.1-hard_proto-Avg_acc:[99.907, 92.985, 89.397] 
 Seen_acc:[97.685, 97.361] 
 Unseen_acc:[72.0, 70.75] 
 HMean_acc:[82.899, 81.949] 
>>> 0707-17-02-57-793-Epo_100-Bs_128-sgd-Lr_0.1-decay0.0005-Mom_0.9-Max_100-NormF-T_16.00-tw_16.0-0.1-hard_proto-Avg_acc:[100.0, 95.847, 93.056] 
 Seen_acc:[98.365, 97.837] 
 Unseen_acc:[82.75, 80.625] 
 HMean_acc:[89.884, 88.401] 
>>> 0707-21-15-25-144-Epo_100-Bs_128-sgd-Lr_0.1-decay0.0005-Mom_0.9-Max_100-NormF-T_16.00-tw_16.0-0.1-hard_proto-Avg_acc:[100.0, 95.575, 94.563] 
 Seen_acc:[97.933, 97.837] 
 Unseen_acc:[83.5, 86.25] 
 HMean_acc:[90.142, 91.679] 
>>> 0707-22-48-35-433-Epo_100-Bs_128-sgd-Lr_0.1-decay0.0005-Mom_0.9-Max_100-NormF-T_16.00-tw_16.0-0.1-hard_proto-Avg_acc:[100.0, 93.629, 92.674] 
 Seen_acc:[97.356, 97.26] 
 Unseen_acc:[74.25, 80.75] 
 HMean_acc:[84.247, 88.239] 
>>> 0707-23-21-36-005-Epo_100-Bs_128-sgd-Lr_0.1-decay0.0005-Mom_0.9-Max_100-NormF-T_16.00-tw_16.0-0.1-hard_proto-Avg_acc:[99.856, 95.121, 90.938] 
 Seen_acc:[97.981, 96.683] 
 Unseen_acc:[80.25, 76.0] 
 HMean_acc:[88.234, 85.103] 
>>> 0708-00-06-32-876-Epo_100-Bs_128-sgd-Lr_0.1-decay0.0005-Mom_0.9-Max_100-NormF-T_16.00-tw_16.0-0.1-hard_proto-Avg_acc:[99.952, 94.597, 93.056] 
 Seen_acc:[98.077, 97.596] 
 Unseen_acc:[76.5, 81.25] 
 HMean_acc:[85.955, 88.676] 
>>> 0708-00-37-58-755-Epo_100-Bs_128-sgd-Lr_0.1-decay0.0005-Mom_0.9-Max_100-NormF-T_16.00-tw_16.0-0.1-hard_proto-Avg_acc:[100.0, 95.403, 93.368] 
 Seen_acc:[98.558, 97.692] 
 Unseen_acc:[79.0, 82.125] 
 HMean_acc:[87.702, 89.235] 
>>> 0708-11-31-59-334-Epo_100-Bs_128-sgd-Lr_0.1-decay0.0005-Mom_0.9-Max_100-NormF-T_16.00-tw_16.0-0.1-hard_proto-Avg_acc:[99.952, 94.597, 93.056] 
 Seen_acc:[98.077, 97.596] 
 Unseen_acc:[76.5, 81.25] 
 HMean_acc:[85.955, 88.676] 
>>> 0709-19-13-08-953-Epo_100-Bs_128-sgd-Lr_0.1-decay0.0005-Mom_0.9-Max_100-NormF-T_16.00-tw_16.0-0.1-hard_proto-Avg_acc:[99.864, 91.661, 91.089] 
 Seen_acc:[97.498, 95.89] 
 Unseen_acc:[75.938, 84.062] 
 HMean_acc:[85.378, 89.587] 
>>> 0709-19-02-04-864-Epo_100-Bs_128-sgd-Lr_0.1-decay0.0005-Mom_0.9-Max_100-NormF-T_16.00-tw_16.0-0.1-hard_proto-Avg_acc:[99.961, 94.754, 95.128] 
 Seen_acc:[97.566, 97.446] 
 Unseen_acc:[90.0, 93.019] 
 HMean_acc:[93.63, 95.181] 
>>> 0709-19-19-58-993-Epo_100-Bs_128-sgd-Lr_0.1-decay0.0005-Mom_0.9-Max_100-NormF-T_16.00-tw_16.0-0.1-hard_proto-Avg_acc:[99.932, 92.888, 91.322] 
 Seen_acc:[97.342, 95.966] 
 Unseen_acc:[81.506, 85.278] 
 HMean_acc:[88.723, 90.307] 
>>> 0709-20-19-03-267-Epo_100-Bs_128-sgd-Lr_0.1-decay0.0005-Mom_0.9-Max_100-NormF-T_16.00-tw_16.0-0.1-hard_proto-Avg_acc:[100.0, 94.938, 94.283] 
 Seen_acc:[98.528, 98.377] 
 Unseen_acc:[81.553, 87.261] 
 HMean_acc:[89.24, 92.486] 
>>> 0709-20-29-58-567-Epo_100-Bs_128-sgd-Lr_0.1-decay0.0005-Mom_0.9-Max_100-NormF-T_16.00-tw_16.0-0.1-hard_proto-Avg_acc:[99.961, 97.624, 96.835] 
 Seen_acc:[98.407, 97.746] 
 Unseen_acc:[96.875, 96.719] 
 HMean_acc:[97.635, 97.23] 
>>> 0714-19-55-09-046-Epo_0-Bs_128-sgd-Lr_0.1-decay0.0005-Mom_0.9-Max_100-NormF-T_16.00-tw_16.0-0.1-hard_proto-Avg_acc:[99.516, 97.66, 96.608] 
 Seen_acc:[98.407, 97.746] 
 Unseen_acc:[96.875, 96.719] 
 HMean_acc:[97.635, 97.23] 
>>> 0714-20-00-34-693-Epo_0-Bs_128-sgd-Lr_0.1-decay0.0005-Mom_0.9-Max_100-NormF-T_16.00-tw_16.0-0.1-hard_proto-Avg_acc:[99.516, 97.66, 96.608] 
 Seen_acc:[98.407, 97.746] 
 Unseen_acc:[96.875, 96.719] 
 HMean_acc:[97.635, 97.23] 
>>> 0714-20-15-14-279-Epo_0-Bs_128-sgd-Lr_0.1-decay0.0005-Mom_0.9-Max_100-NormF-T_16.00-tw_16.0-0.1-hard_proto-Avg_acc:[99.516, 97.66, 96.608] 
 Seen_acc:[98.407, 97.746] 
 Unseen_acc:[96.875, 96.719] 
 HMean_acc:[97.635, 97.23] 
>>> 0714-20-29-40-800-Epo_0-Bs_128-sgd-Lr_0.1-decay0.0005-Mom_0.9-Max_100-NormF-T_16.00-tw_16.0-0.1-hard_proto-Avg_acc:[99.516, 97.66, 96.608] 
 Seen_acc:[98.407, 97.746] 
 Unseen_acc:[96.875, 96.719] 
 HMean_acc:[97.635, 97.23] 
>>> 0715-11-23-37-359-Epo_0-Bs_128-sgd-Lr_0.1-decay0.0005-Mom_0.9-Max_100-NormF-T_16.00-tw_16.0-0.1-hard_proto-Avg_acc:[99.516, 97.66, 96.608] 
 Seen_acc:[98.407, 97.746] 
 Unseen_acc:[96.875, 96.719] 
 HMean_acc:[97.635, 97.23] 
>>> 0715-11-36-36-176-Epo_0-Bs_128-sgd-Lr_0.1-decay0.0005-Mom_0.9-Max_100-NormF-T_16.00-tw_16.0-0.1-hard_proto-Avg_acc:[99.516, 97.66, 96.608] 
 Seen_acc:[98.407, 97.746] 
 Unseen_acc:[96.875, 96.719] 
 HMean_acc:[97.635, 97.23] 
>>> 0715-11-42-03-061-Epo_0-Bs_128-sgd-Lr_0.1-decay0.0005-Mom_0.9-Max_100-NormF-T_16.00-tw_16.0-0.1-hard_proto-Avg_acc:[99.516, 97.66, 96.608] 
 Seen_acc:[98.407, 97.746] 
 Unseen_acc:[96.875, 96.719] 
 HMean_acc:[97.635, 97.23] 
>>> 0715-11-47-37-067-Epo_0-Bs_128-sgd-Lr_0.1-decay0.0005-Mom_0.9-Max_100-NormF-T_16.00-tw_16.0-0.1-hard_proto-Avg_acc:[99.516, 97.66, 96.608] 
 Seen_acc:[98.407, 97.746] 
 Unseen_acc:[96.875, 96.719] 
 HMean_acc:[97.635, 97.23] 
>>> 0715-11-52-12-520-Epo_0-Bs_128-sgd-Lr_0.1-decay0.0005-Mom_0.9-Max_100-NormF-T_16.00-tw_16.0-0.1-hard_proto-Avg_acc:[99.516, 97.66, 96.608] 
 Seen_acc:[98.407, 97.746] 
 Unseen_acc:[96.875, 96.719] 
 HMean_acc:[97.635, 97.23] 
>>> 0715-11-55-24-767-Epo_0-Bs_128-sgd-Lr_0.1-decay0.0005-Mom_0.9-Max_100-NormF-T_16.00-tw_16.0-0.1-hard_proto-Avg_acc:[99.516, 97.66, 96.608] 
 Seen_acc:[98.407, 97.746] 
 Unseen_acc:[96.875, 96.719] 
 HMean_acc:[97.635, 97.23] 
>>> 0715-11-58-50-094-Epo_0-Bs_128-sgd-Lr_0.1-decay0.0005-Mom_0.9-Max_100-NormF-T_16.00-tw_16.0-0.1-hard_proto-Avg_acc:[99.516, 97.66, 96.608] 
 Seen_acc:[98.407, 97.746] 
 Unseen_acc:[96.875, 96.719] 
 HMean_acc:[97.635, 97.23] 
>>> 0715-12-15-55-119-Epo_0-Bs_128-sgd-Lr_0.1-decay0.0005-Mom_0.9-Max_100-NormF-T_16.00-tw_16.0-0.1-hard_proto-Avg_acc:[99.516, 97.66, 96.608] 
 Seen_acc:[98.407, 97.746] 
 Unseen_acc:[96.875, 96.719] 
 HMean_acc:[97.635, 97.23] 
>>> 0715-12-20-20-053-Epo_0-Bs_128-sgd-Lr_0.1-decay0.0005-Mom_0.9-Max_100-NormF-T_16.00-tw_16.0-0.1-hard_proto-Avg_acc:[99.516, 97.66, 96.608] 
 Seen_acc:[98.407, 97.746] 
 Unseen_acc:[96.875, 96.719] 
 HMean_acc:[97.635, 97.23] 
>>> 0715-12-36-20-001-Epo_0-Bs_128-sgd-Lr_0.1-decay0.0005-Mom_0.9-Max_100-NormF-T_16.00-tw_16.0-0.1-hard_proto-Avg_acc:[99.516, 97.66, 96.608] 
 Seen_acc:[98.407, 97.746] 
 Unseen_acc:[96.875, 96.719] 
 HMean_acc:[97.635, 97.23] 
>>> 0715-12-48-18-546-Epo_0-Bs_128-sgd-Lr_0.1-decay0.0005-Mom_0.9-Max_100-NormF-T_16.00-tw_16.0-0.1-hard_proto-Avg_acc:[99.516, 97.66, 96.608] 
 Seen_acc:[98.407, 97.746] 
 Unseen_acc:[96.875, 96.719] 
 HMean_acc:[97.635, 97.23] 
>>> 0715-12-52-54-648-Epo_0-Bs_128-sgd-Lr_0.1-decay0.0005-Mom_0.9-Max_100-NormF-T_16.00-tw_16.0-0.1-hard_proto-Avg_acc:[99.516, 97.66, 96.608] 
 Seen_acc:[98.407, 97.746] 
 Unseen_acc:[96.875, 96.719] 
 HMean_acc:[97.635, 97.23] 
>>> 0715-13-04-13-396-Epo_0-Bs_128-sgd-Lr_0.1-decay0.0005-Mom_0.9-Max_100-NormF-T_16.00-tw_16.0-0.1-hard_proto-Avg_acc:[99.516, 97.66, 96.608] 
 Seen_acc:[98.407, 97.746] 
 Unseen_acc:[96.875, 96.719] 
 HMean_acc:[97.635, 97.23] 
>>> 0715-17-30-49-917-Epo_0-Bs_128-sgd-Lr_0.1-decay0.0005-Mom_0.9-Max_100-NormF-T_16.00-tw_16.0-0.1-hard_proto-Avg_acc:[99.516, 97.66, 96.608] 
 Seen_acc:[98.407, 97.746] 
 Unseen_acc:[96.875, 96.719] 
 HMean_acc:[97.635, 97.23] 
>>> 0715-17-47-34-213-Epo_0-Bs_128-sgd-Lr_0.1-decay0.0005-Mom_0.9-Max_100-NormF-T_16.00-tw_16.0-0.1-hard_proto-Avg_acc:[99.516, 97.66, 96.608] 
 Seen_acc:[98.407, 97.746] 
 Unseen_acc:[96.875, 96.719] 
 HMean_acc:[97.635, 97.23] 
>>> 0715-17-49-55-249-Epo_0-Bs_128-sgd-Lr_0.1-decay0.0005-Mom_0.9-Max_100-NormF-T_16.00-tw_16.0-0.1-hard_proto-Avg_acc:[99.516, 97.66, 96.608] 
 Seen_acc:[98.407, 97.746] 
 Unseen_acc:[96.875, 96.719] 
 HMean_acc:[97.635, 97.23] 
>>> 0715-17-55-36-151-Epo_0-Bs_128-sgd-Lr_0.1-decay0.0005-Mom_0.9-Max_100-NormF-T_16.00-tw_16.0-0.1-hard_proto-Avg_acc:[99.516, 97.66, 96.608] 
 Seen_acc:[98.407, 97.746] 
 Unseen_acc:[96.875, 96.719] 
 HMean_acc:[97.635, 97.23] 
>>> 0722-12-48-27-194-Epo_0-Bs_128-sgd-Lr_0.1-decay0.0005-Mom_0.9-Max_100-NormF-T_16.00-tw_16.0-0.1-hard_proto-Avg_acc:[99.718, 93.563, 94.894] 
 Seen_acc:[97.806, 97.746] 
 Unseen_acc:[82.5, 90.831] 
 HMean_acc:[89.503, 94.162] 
>>> 0722-12-49-06-685-Epo_100-Bs_128-sgd-Lr_0.1-decay0.0005-Mom_0.9-Max_100-NormF-T_16.00-tw_16.0-0.1-hard_proto-Avg_acc:[99.961, 95.28, 93.764] 
 Seen_acc:[98.948, 98.528] 
 Unseen_acc:[81.852, 85.351] 
 HMean_acc:[89.592, 91.467] 
>>> 0722-19-36-47-227-Epo_100-Bs_128-sgd-Lr_0.1-decay0.0005-Mom_0.9-Max_100-NormF-T_16.00-tw_16.0-0.1-hard_proto-Avg_acc:[100.0, 96.027, 94.952] 
 Seen_acc:[98.407, 98.317] 
 Unseen_acc:[88.936, 89.702] 
 HMean_acc:[93.432, 93.812] 
>>> 0722-21-51-44-394-Epo_0-Bs_128-sgd-Lr_0.1-decay0.0005-Mom_0.9-Max_100-NormF-T_16.00-tw_16.0-0.1-hard_proto-Avg_acc:[99.727, 96.027, 94.952] 
 Seen_acc:[98.407, 98.317] 
 Unseen_acc:[88.936, 89.702] 
 HMean_acc:[93.432, 93.812] 
>>> 0722-21-57-06-716-Epo_0-Bs_128-sgd-Lr_0.1-decay0.0005-Mom_0.9-Max_100-NormF-T_16.00-tw_16.0-0.1-hard_proto-Avg_acc:[99.727, 96.027, 94.952] 
 Seen_acc:[98.407, 98.317] 
 Unseen_acc:[88.936, 89.702] 
 HMean_acc:[93.432, 93.812] 
>>> 0722-22-03-37-937-Epo_0-Bs_128-sgd-Lr_0.1-decay0.0005-Mom_0.9-Max_100-NormF-T_16.00-tw_16.0-0.1-hard_proto-Avg_acc:[99.727, 96.027, 94.952] 
 Seen_acc:[98.407, 98.317] 
 Unseen_acc:[88.936, 89.702] 
 HMean_acc:[93.432, 93.812] 
>>> 0722-22-24-02-134-Epo_0-Bs_128-sgd-Lr_0.1-decay0.0005-Mom_0.9-Max_100-NormF-T_16.00-tw_16.0-0.1-hard_proto-Avg_acc:[99.727, 96.027, 94.952] 
 Seen_acc:[98.407, 98.317] 
 Unseen_acc:[88.936, 89.702] 
 HMean_acc:[93.432, 93.812] 
>>> 0722-22-28-06-488-Epo_0-Bs_128-sgd-Lr_0.1-decay0.0005-Mom_0.9-Max_100-NormF-T_16.00-tw_16.0-0.1-hard_proto-Avg_acc:[99.727, 96.027, 94.952] 
 Seen_acc:[98.407, 98.317] 
 Unseen_acc:[88.936, 89.702] 
 HMean_acc:[93.432, 93.812] 
>>> 0722-22-33-12-369-Epo_0-Bs_128-sgd-Lr_0.1-decay0.0005-Mom_0.9-Max_100-NormF-T_16.00-tw_16.0-0.1-hard_proto-Avg_acc:[99.727, 96.027, 94.952] 
 Seen_acc:[98.407, 98.317] 
 Unseen_acc:[88.936, 89.702] 
 HMean_acc:[93.432, 93.812] 
>>> 0722-22-34-06-397-Epo_0-Bs_128-sgd-Lr_0.1-decay0.0005-Mom_0.9-Max_100-NormF-T_16.00-tw_16.0-0.1-hard_proto-Avg_acc:[99.727, 96.027, 94.952] 
 Seen_acc:[98.407, 98.317] 
 Unseen_acc:[88.936, 89.702] 
 HMean_acc:[93.432, 93.812] 
>>> 0722-22-36-01-866-Epo_0-Bs_128-sgd-Lr_0.1-decay0.0005-Mom_0.9-Max_100-NormF-T_16.00-tw_16.0-0.1-hard_proto-Avg_acc:[99.727, 96.027, 94.952] 
 Seen_acc:[98.407, 98.317] 
 Unseen_acc:[88.936, 89.702] 
 HMean_acc:[93.432, 93.812] 
>>> 0722-22-36-57-849-Epo_0-Bs_128-sgd-Lr_0.1-decay0.0005-Mom_0.9-Max_100-NormF-T_16.00-tw_16.0-0.1-hard_proto-Avg_acc:[99.727, 96.027, 94.952] 
 Seen_acc:[98.407, 98.317] 
 Unseen_acc:[88.936, 89.702] 
 HMean_acc:[93.432, 93.812] 
>>> 0722-22-37-31-788-Epo_0-Bs_128-sgd-Lr_0.1-decay0.0005-Mom_0.9-Max_100-NormF-T_16.00-tw_16.0-0.1-hard_proto-Avg_acc:[99.727, 96.027, 94.952] 
 Seen_acc:[98.407, 98.317] 
 Unseen_acc:[88.936, 89.702] 
 HMean_acc:[93.432, 93.812] 
>>> 0722-22-41-25-582-Epo_0-Bs_128-sgd-Lr_0.1-decay0.0005-Mom_0.9-Max_100-NormF-T_16.00-tw_16.0-0.1-hard_proto-Avg_acc:[99.727, 96.027, 94.952] 
 Seen_acc:[98.407, 98.317] 
 Unseen_acc:[88.936, 89.702] 
 HMean_acc:[93.432, 93.812] 
>>> 0722-22-42-33-543-Epo_0-Bs_128-sgd-Lr_0.1-decay0.0005-Mom_0.9-Max_100-NormF-T_16.00-tw_16.0-0.1-hard_proto-Avg_acc:[99.727, 96.027, 94.952] 
 Seen_acc:[98.407, 98.317] 
 Unseen_acc:[88.936, 89.702] 
 HMean_acc:[93.432, 93.812] 
>>> 0925-22-16-09-169-Epo_0-Bs_128-sgd-Lr_0.1-decay0.0005-Mom_0.9-Max_100-NormF-T_16.00-tw_16.0-0.1-hard_proto-Avg_acc:[99.727, 96.387, 94.873] 
 Seen_acc:[97.867, 96.905] 
 Unseen_acc:[93.637, 93.303] 
 HMean_acc:[95.705, 95.07] 
>>> 0925-22-59-05-004-Epo_100-Bs_128-sgd-Lr_0.1-decay0.0005-Mom_0.9-Max_100-NormF-T_16.00-tw_16.0-0.1-hard_proto-Avg_acc:[99.961, 95.833, 94.402] 
 Seen_acc:[98.137, 97.32] 
 Unseen_acc:[89.518, 89.764] 
 HMean_acc:[93.63, 93.389] 
>>> 1030-14-08-38-521-Epo_0-Bs_128-sgd-Lr_0.1-decay0.0005-Mom_0.9-Max_100-NormF-T_16.00-tw_16.0-0.1-hard_proto-Avg_acc:[99.062, 95.113, 92.159] 
 Seen_acc:[96.184, 96.184] 
 Unseen_acc:[96.237, 87.103] 
 HMean_acc:[96.21, 91.419] 
>>> 1030-14-23-31-528-Epo_100-Bs_128-sgd-Lr_0.1-decay0.0005-Mom_0.9-Max_100-NormF-T_16.00-tw_16.0-0.1-hard_proto-Avg_acc:[99.969, 86.648, 81.291] 
 Seen_acc:[97.626, 96.98] 
 Unseen_acc:[66.044, 65.942] 
 HMean_acc:[78.788, 78.505] 
>>> 1030-15-45-00-880-Epo_0-Bs_128-sgd-Lr_0.1-decay0.0005-Mom_0.9-Max_100-NormF-T_16.00-tw_16.0-0.1-hard_proto-Avg_acc:[99.25, 91.423, 84.641] 
 Seen_acc:[96.965, 96.815] 
 Unseen_acc:[87.969, 73.964] 
 HMean_acc:[92.248, 83.861] 
>>> 1030-16-10-40-773-Epo_0-Bs_128-sgd-Lr_0.1-decay0.0005-Mom_0.9-Max_100-NormF-T_16.00-tw_16.0-0.1-hard_proto-Avg_acc:[99.781, 87.379, 86.933] 
 Seen_acc:[96.196, 96.156] 
 Unseen_acc:[76.892, 78.329] 
 HMean_acc:[85.468, 86.332] 
>>> 1030-16-29-38-298-Epo_100-Bs_128-sgd-Lr_0.1-decay0.0005-Mom_0.9-Max_100-NormF-T_16.00-tw_16.0-0.1-hard_proto-Avg_acc:[100.0, 93.395, 92.522] 
 Seen_acc:[96.154, 96.075] 
 Unseen_acc:[97.799, 92.621] 
 HMean_acc:[96.97, 94.316] 
>>> 1030-18-05-15-890-Epo_0-Bs_128-sgd-Lr_0.1-decay0.0005-Mom_0.9-Max_100-NormF-T_16.00-tw_16.0-0.1-hard_proto-Avg_acc:[99.938, 95.336, 93.445] 
 Seen_acc:[98.103, 97.597] 
 Unseen_acc:[92.703, 91.362] 
 HMean_acc:[95.327, 94.377] 
>>> 1030-18-40-24-395-Epo_0-Bs_128-sgd-Lr_0.1-decay0.0005-Mom_0.9-Max_100-NormF-T_16.00-tw_16.0-0.1-hard_proto-Avg_acc:[99.062, 90.409, 89.818] 
 Seen_acc:[96.722, 96.722] 
 Unseen_acc:[84.965, 85.585] 
 HMean_acc:[90.463, 90.813] 
>>> 1030-19-28-36-390-Epo_0-Bs_128-sgd-Lr_0.1-decay0.0005-Mom_0.9-Max_100-NormF-T_16.00-tw_16.0-0.1-hard_proto-Avg_acc:[99.875, 94.768, 93.322] 
 Seen_acc:[97.566, 97.446] 
 Unseen_acc:[95.391, 92.298] 
 HMean_acc:[96.466, 94.802] 
>>> 1030-20-17-26-449-Epo_0-Bs_128-sgd-Lr_0.1-decay0.0005-Mom_0.9-Max_100-NormF-T_16.00-tw_16.0-0.1-hard_proto-Avg_acc:[99.906, 93.111, 91.837] 
 Seen_acc:[96.154, 95.805] 
 Unseen_acc:[96.458, 91.41] 
 HMean_acc:[96.306, 93.556] 
>>> 1030-20-38-41-473-Epo_0-Bs_128-sgd-Lr_0.1-decay0.0005-Mom_0.9-Max_100-NormF-T_16.00-tw_16.0-0.1-hard_proto-Avg_acc:[99.938, 95.762, 93.238] 
 Seen_acc:[98.391, 97.294] 
 Unseen_acc:[93.58, 92.124] 
 HMean_acc:[95.925, 94.638] 
>>> 1030-20-58-44-271-Epo_0-Bs_128-sgd-Lr_0.1-decay0.0005-Mom_0.9-Max_100-NormF-T_16.00-tw_16.0-0.1-hard_proto-Avg_acc:[99.875, 94.347, 92.666] 
 Seen_acc:[98.047, 97.912] 
 Unseen_acc:[90.62, 89.451] 
 HMean_acc:[94.187, 93.49] 
>>> 1030-21-35-18-292-Epo_0-Bs_128-sgd-Lr_0.1-decay0.0005-Mom_0.9-Max_100-NormF-T_16.00-tw_16.0-0.1-hard_proto-Avg_acc:[99.812, 96.875, 95.481] 
 Seen_acc:[98.287, 97.386] 
 Unseen_acc:[98.594, 97.188] 
 HMean_acc:[98.44, 97.287] 
>>> 1030-21-51-39-495-Epo_100-Bs_128-sgd-Lr_0.1-decay0.0005-Mom_0.9-Max_100-NormF-T_16.00-tw_16.0-0.1-hard_proto-Avg_acc:[99.844, 89.214, 84.329] 
 Seen_acc:[96.203, 95.612] 
 Unseen_acc:[77.936, 74.156] 
 HMean_acc:[86.111, 83.528] 
>>> 1030-22-29-34-772-Epo_0-Bs_128-sgd-Lr_0.1-decay0.0005-Mom_0.9-Max_100-NormF-T_16.00-tw_16.0-0.1-hard_proto-Avg_acc:[98.312, 89.214, 84.329] 
 Seen_acc:[96.203, 95.612] 
 Unseen_acc:[77.936, 74.156] 
 HMean_acc:[86.111, 83.528] 
>>> 1030-22-31-09-006-Epo_0-Bs_128-sgd-Lr_0.1-decay0.0005-Mom_0.9-Max_100-NormF-T_16.00-tw_16.0-0.1-hard_proto-Avg_acc:[99.812, 96.875, 95.481] 
 Seen_acc:[98.287, 97.386] 
 Unseen_acc:[98.594, 97.188] 
 HMean_acc:[98.44, 97.287] 
>>> 1230-17-14-19-027-Epo_0-Bs_128-sgd-Lr_0.1-decay0.0005-Mom_0.9-Max_100-NormF-T_16.00-tw_16.0-0.1-finetune-Avg_acc:[99.812, 6.061, 4.651] 
 Seen_acc:[0.0, 0.0] 
 Unseen_acc:[20.0, 10.0] 
 HMean_acc:[0.0, 0.0] 
>>> 1230-17-21-08-241-Epo_0-Bs_128-sgd-Lr_0.1-decay0.0005-Mom_0.9-Max_100-NormF-T_16.00-tw_16.0-0.1-finetune-Avg_acc:[99.812, 82.28, 27.507] 
 Seen_acc:[82.178, 6.569] 
 Unseen_acc:[94.318, 50.0] 
 HMean_acc:[87.83, 11.612] 
>>> 1230-17-32-16-051-Epo_0-Bs_128-sgd-Lr_0.1-decay0.0005-Mom_0.9-Max_100-NormF-T_16.00-tw_16.0-0.1-finetune-Avg_acc:[99.812, 80.552, 23.215] 
 Seen_acc:[80.151, 0.026] 
 Unseen_acc:[94.375, 49.375] 
 HMean_acc:[86.683, 0.052] 
>>> 1230-18-10-36-943-Epo_0-Bs_128-sgd-Lr_0.1-decay0.0005-Mom_0.9-Max_100-NormF-T_16.00-tw_16.0-0.1-finetune-Avg_acc:[99.812, 88.014, 82.976] 
 Seen_acc:[96.766, 96.039] 
 Unseen_acc:[70.967, 67.031] 
 HMean_acc:[81.882, 78.955] 
>>> 1230-19-25-13-869-Epo_0-Bs_128-sgd-Lr_0.1-decay0.0005-Mom_0.9-Max_100-NormF-T_16.00-tw_16.0-0.1-hard_proto-Avg_acc:[99.844, 97.325, 95.785] 
 Seen_acc:[98.498, 97.791] 
 Unseen_acc:[98.984, 96.68] 
 HMean_acc:[98.74, 97.232] 
>>> 1230-19-29-04-584-Epo_0-Bs_128-sgd-Lr_0.1-decay0.0005-Mom_0.9-Max_100-NormF-T_16.00-tw_16.0-0.1-hard_proto-Avg_acc:[99.781, 93.485, 95.022] 
 Seen_acc:[97.551, 97.551] 
 Unseen_acc:[93.516, 95.664] 
 HMean_acc:[95.491, 96.598] 
>>> 1230-19-32-13-560-Epo_0-Bs_128-sgd-Lr_0.1-decay0.0005-Mom_0.9-Max_100-NormF-T_16.00-tw_16.0-0.1-hard_proto-Avg_acc:[99.812, 97.23, 94.257] 
 Seen_acc:[98.468, 98.227] 
 Unseen_acc:[98.828, 92.266] 
 HMean_acc:[98.648, 95.153] 
>>> 1230-19-36-37-945-Epo_0-Bs_128-sgd-Lr_0.1-decay0.0005-Mom_0.9-Max_100-NormF-T_16.00-tw_16.0-0.1-hard_proto-Avg_acc:[99.688, 96.875, 95.567] 
 Seen_acc:[98.227, 97.521] 
 Unseen_acc:[98.906, 96.914] 
 HMean_acc:[98.565, 97.217] 
>>> 0101-20-14-13-067-Epo_0-Bs_128-sgd-Lr_0.1-decay0.0005-Mom_0.9-Max_100-NormF-T_16.00-tw_16.0-0.1-hard_proto-Avg_acc:[99.812, 98.357, 97.023, 96.979, 97.276, 95.481] 
 Seen_acc:[99.129, 98.498, 98.287, 98.287, 97.386] 
 Unseen_acc:[99.414, 98.242, 98.633, 98.926, 97.188] 
 HMean_acc:[99.271, 98.37, 98.46, 98.605, 97.287] 
>>> 0101-20-57-12-398-Epo_100-Bs_128-sgd-Lr_0.1-decay0.0005-Mom_0.9-Max_100-NormF-T_16.00-tw_16.0-0.1-hard_proto-Avg_acc:[100.0, 97.683, 93.814, 92.433, 93.129, 92.801] 
 Seen_acc:[98.918, 98.377, 98.152, 98.092, 97.837] 
 Unseen_acc:[97.266, 84.363, 84.367, 88.275, 89.186] 
 HMean_acc:[98.085, 90.833, 90.739, 92.925, 93.311] 
>>> 0105-09-56-48-434-Epo_0-Bs_128-sgd-Lr_0.1-decay0.0005-Mom_0.9-Max_100-NormF-T_16.00-tw_16.0-0.1-hard_proto-Avg_acc:[99.688, 97.489, 97.049, 97.031, 97.276, 95.567] 
 Seen_acc:[98.903, 98.453, 98.227, 98.227, 97.521] 
 Unseen_acc:[97.461, 98.633, 99.023, 99.121, 96.914] 
 HMean_acc:[98.177, 98.543, 98.623, 98.672, 97.217] 
>>> 0105-10-01-26-762-Epo_0-Bs_128-sgd-Lr_0.1-decay0.0005-Mom_0.9-Max_100-NormF-T_16.00-tw_16.0-0.1-hard_proto-Avg_acc:[99.844, 97.872, 98.082, 97.453, 97.436, 95.785] 
 Seen_acc:[98.933, 98.918, 98.498, 98.347, 97.791] 
 Unseen_acc:[98.438, 99.121, 99.089, 99.121, 96.68] 
 HMean_acc:[98.685, 99.019, 98.793, 98.732, 97.232] 
>>> 0105-10-05-15-918-Epo_0-Bs_128-sgd-Lr_0.1-decay0.0005-Mom_0.9-Max_100-NormF-T_16.00-tw_16.0-0.1-hard_proto-Avg_acc:[99.812, 97.492, 97.25, 97.366, 93.553, 94.257] 
 Seen_acc:[98.918, 98.588, 98.468, 98.227, 98.227] 
 Unseen_acc:[97.266, 98.535, 98.958, 90.479, 92.266] 
 HMean_acc:[98.085, 98.561, 98.712, 94.194, 95.153] 
>>> 0105-10-07-24-612-Epo_0-Bs_128-sgd-Lr_0.1-decay0.0005-Mom_0.9-Max_100-NormF-T_16.00-tw_16.0-0.1-hard_proto-Avg_acc:[99.781, 97.845, 97.893, 93.948, 94.529, 95.022] 
 Seen_acc:[98.888, 98.798, 97.551, 97.551, 97.551] 
 Unseen_acc:[98.828, 99.121, 93.034, 94.629, 95.664] 
 HMean_acc:[98.858, 98.959, 95.239, 96.068, 96.598] 
>>> 0105-10-31-42-543-Epo_0-Bs_128-sgd-Lr_0.1-decay0.0005-Mom_0.9-Max_100-NormF-T_16.00-tw_16.0-0.1-hard_proto-Avg_acc:[99.906, 98.675, 96.802, 90.892, 91.802, 92.569] 
 Seen_acc:[99.635, 99.35, 97.457, 97.457, 97.457] 
 Unseen_acc:[97.07, 91.504, 82.952, 87.019, 89.615] 
 HMean_acc:[98.336, 95.266, 89.621, 91.943, 93.372] 
>>> 0105-10-38-12-623-Epo_0-Bs_128-sgd-Lr_0.1-decay0.0005-Mom_0.9-Max_100-NormF-T_16.00-tw_16.0-0.1-hard_proto-Avg_acc:[99.781, 97.328, 93.324, 90.835, 91.722, 91.46] 
 Seen_acc:[98.914, 96.044, 96.044, 96.044, 96.044] 
 Unseen_acc:[95.703, 97.656, 89.496, 91.927, 91.432] 
 HMean_acc:[97.282, 96.843, 92.654, 93.94, 93.681] 
>>> 0105-12-43-37-240-Epo_0-Bs_128-sgd-Lr_0.1-decay0.0005-Mom_0.9-Max_100-NormF-T_16.00-tw_16.0-0.1-finetune-Avg_acc:[99.781, 91.73, 33.973, 6.42, 10.497, 9.539] 
 Seen_acc:[92.86, 28.89, 7.653, 0.0, 0.0] 
 Unseen_acc:[99.805, 42.383, 16.667, 24.951, 20.0] 
 HMean_acc:[96.207, 34.359, 10.49, 0.0, 0.0] 
>>> 0106-20-04-56-634-Epo_100-Bs_128-sgd-Lr_0.1-decay0.0005-Mom_0.9-Max_100-NormF-T_16.00-tw_16.0-0.1-hard_proto-Avg_acc:[99.969, 92.218, 91.705, 90.248, 91.063, 91.4] 
 Seen_acc:[98.122, 97.957, 97.431, 97.356, 97.356] 
 Unseen_acc:[76.953, 81.055, 82.411, 86.564, 88.196] 
 HMean_acc:[86.258, 88.708, 89.294, 91.643, 92.55] 
>>> 0106-20-26-45-149-Epo_100-Bs_128-sgd-Lr_0.1-decay0.0005-Mom_0.9-Max_100-NormF-T_16.00-tw_16.0-0.1-hard_proto-Avg_acc:[99.969, 97.788, 95.763, 94.219, 94.712, 92.313] 
 Seen_acc:[98.978, 98.227, 97.701, 97.671, 97.311] 
 Unseen_acc:[98.242, 94.205, 92.426, 94.173, 89.424] 
 HMean_acc:[98.609, 96.174, 94.99, 95.89, 93.201] 
>>> 0106-21-47-43-973-Epo_100-Bs_128-sgd-Lr_0.1-decay0.0005-Mom_0.9-Max_100-NormF-T_16.00-tw_16.0-0.1-hard_proto-Avg_acc:[100.0, 99.057, 93.207, 94.531, 94.785, 92.521] 
 Seen_acc:[99.85, 99.85, 99.85, 99.85, 99.85] 
 Unseen_acc:[95.703, 76.307, 83.684, 87.03, 83.927] 
 HMean_acc:[97.733, 86.505, 91.055, 93.0, 91.199] 
>>> 0107-09-17-46-354-Epo_100-Bs_128-sgd-Lr_0.1-decay0.0005-Mom_0.9-Max_100-NormF-T_16.00-tw_16.0-0.1-hard_proto-Avg_acc:[100.0, 99.892, 94.855, 95.149, 94.892, 94.775] 
 Seen_acc:[99.955, 99.94, 99.895, 99.895, 99.835] 
 Unseen_acc:[99.805, 80.957, 86.328, 87.891, 89.151] 
 HMean_acc:[99.88, 89.452, 92.617, 93.509, 94.191] 
>>> 0107-10-02-03-000-Epo_100-Bs_128-sgd-Lr_0.1-decay0.0005-Mom_0.9-Max_100-NormF-T_16.00-tw_16.0-0.1-hard_proto-Avg_acc:[99.969, 97.064, 96.536, 95.878, 96.254, 96.257] 
 Seen_acc:[98.392, 98.301, 98.195, 98.165, 97.94] 
 Unseen_acc:[99.609, 97.656, 95.833, 96.826, 97.237] 
 HMean_acc:[98.997, 97.977, 97.0, 97.491, 97.587] 
>>> 0109-12-10-41-126-Epo_100-Bs_128-sgd-Lr_0.1-decay0.0005-Mom_0.9-Max_100-NormF-T_16.00-tw_16.0-0.1-hard_proto-Avg_acc:[99.954, 96.179, 94.641, 94.181, 93.481, 92.147, 92.909, 93.368, 91.151] 
 Seen_acc:[99.297, 98.301, 98.047, 97.754, 97.266, 97.21, 97.21, 96.566] 
 Unseen_acc:[91.797, 93.359, 92.448, 92.773, 91.623, 92.954, 93.654, 91.165] 
 HMean_acc:[95.4, 95.766, 95.165, 95.198, 94.36, 95.034, 95.399, 93.788] 
>>> 0109-13-25-39-797-Epo_0-Bs_128-sgd-Lr_0.1-decay0.0005-Mom_0.9-Max_100-NormF-T_16.00-tw_16.0-0.1-soft_proto-Avg_acc:[99.77, 96.179, 94.422, 94.016, 93.434, 92.143, 92.869, 93.332, 91.182] 
 Seen_acc:[99.219, 98.027, 97.754, 97.461, 97.012, 96.956, 96.956, 96.37] 
 Unseen_acc:[92.578, 94.043, 93.294, 93.408, 92.131, 93.312, 93.961, 91.542] 
 HMean_acc:[95.784, 95.994, 95.472, 95.391, 94.509, 95.099, 95.435, 93.894] 
>>> 0109-14-31-44-458-Epo_100-Bs_128-sgd-Lr_0.1-decay0.0005-Mom_0.9-Max_100-NormF-T_16.00-tw_16.0-0.1-hard_proto-Avg_acc:[100.0, 97.732, 91.503, 88.023, 81.449, 78.497, 75.296, 72.784, 73.189, 74.495, 72.719] 
 Seen_acc:[99.316, 98.389, 97.656, 96.997, 96.436, 95.483, 95.312, 95.215, 95.19, 94.995] 
 Unseen_acc:[96.289, 85.938, 81.706, 72.803, 70.391, 68.522, 67.353, 67.625, 69.97, 68.56] 
 HMean_acc:[97.779, 91.743, 88.972, 83.176, 81.38, 79.786, 78.93, 79.083, 80.654, 79.641] 
>>> 0109-14-52-26-087-Epo_0-Bs_128-sgd-Lr_0.1-decay0.0005-Mom_0.9-Max_100-NormF-T_16.00-tw_16.0-0.1-soft_proto-Avg_acc:[99.7, 97.548, 91.985, 87.823, 80.626, 77.805, 74.612, 72.218, 72.763, 73.971, 72.206] 
 Seen_acc:[99.121, 98.242, 97.388, 96.704, 96.118, 95.068, 94.873, 94.849, 94.824, 94.702] 
 Unseen_acc:[97.07, 87.598, 82.031, 71.973, 69.727, 68.034, 67.094, 67.448, 69.66, 68.15] 
 HMean_acc:[98.085, 92.615, 89.052, 82.526, 80.823, 79.311, 78.601, 78.835, 80.317, 79.261] 
>>> 0109-17-39-30-043-Epo_100-Bs_128-sgd-Lr_0.1-decay0.0005-Mom_0.9-Max_100-NormF-T_16.00-tw_16.0-0.1-hard_proto-Avg_acc:[99.88, 98.649, 94.666, 93.194, 88.79, 86.757, 81.233, 76.045, 74.995, 77.197, 75.597] 
 Seen_acc:[99.438, 98.535, 98.193, 97.07, 96.704, 95.898, 94.727, 94.678, 94.678, 94.653] 
 Unseen_acc:[98.828, 92.773, 90.69, 85.693, 83.789, 77.083, 71.984, 70.213, 73.392, 71.831] 
 HMean_acc:[99.132, 95.567, 94.292, 91.027, 89.784, 85.467, 81.804, 80.631, 82.687, 81.678] 
>>> 0109-19-10-48-463-Epo_100-Bs_128-sgd-Lr_0.1-decay0.0005-Mom_0.9-Max_100-NormF-T_16.00-tw_16.0-0.1-hard_proto-Avg_acc:[100.0, 98.146, 93.003, 87.209, 84.695, 79.033, 75.414, 70.001, 72.052, 74.3, 71.594] 
 Seen_acc:[99.438, 98.364, 98.169, 97.085, 95.815, 95.522, 95.4, 95.376, 95.376, 95.229] 
 Unseen_acc:[97.07, 89.551, 79.102, 78.125, 72.617, 68.587, 61.306, 63.97, 67.735, 65.846] 
 HMean_acc:[98.24, 93.751, 87.61, 86.579, 82.618, 79.844, 74.644, 76.578, 79.213, 77.858] 
>>> 0109-21-46-53-407-Epo_0-Bs_128-sgd-Lr_0.1-decay0.0005-Mom_0.9-Max_100-NormF-T_16.00-tw_16.0-0.1-finetune-Avg_acc:[99.7, 13.419, 10.863, 9.125, 7.866, 6.913, 5.405, 6.367, 5.788, 5.306, 4.898] 
 Seen_acc:[0.0, 0.0, 0.0, 0.0, 0.0, 0.0, 0.0, 0.0, 0.0, 0.0] 
 Unseen_acc:[50.0, 25.0, 16.667, 12.5, 10.0, 8.333, 7.143, 6.25, 5.556, 5.0] 
 HMean_acc:[0.0, 0.0, 0.0, 0.0, 0.0, 0.0, 0.0, 0.0, 0.0, 0.0] 
>>> 0109-21-53-39-587-Epo_0-Bs_128-sgd-Lr_0.1-decay0.0005-Mom_0.9-Max_100-NormF-T_16.00-tw_16.0-0.1-finetune-Avg_acc:[99.7, 97.732, 91.503, 88.023, 81.449, 78.497, 75.296, 72.784, 73.189, 74.495, 72.719] 
 Seen_acc:[99.316, 98.389, 97.656, 96.997, 96.436, 95.483, 95.312, 95.215, 95.19, 94.995] 
 Unseen_acc:[96.289, 85.938, 81.706, 72.803, 70.391, 68.522, 67.353, 67.625, 69.97, 68.56] 
 HMean_acc:[97.779, 91.743, 88.972, 83.176, 81.38, 79.786, 78.93, 79.083, 80.654, 79.641] 
>>> 0109-21-56-44-679-Epo_0-Bs_128-sgd-Lr_0.1-decay0.0005-Mom_0.9-Max_100-NormF-T_16.00-tw_16.0-0.1-finetune-Avg_acc:[99.7, 97.732, 91.503, 88.023, 81.449, 78.497, 75.296, 72.784, 73.189, 74.495, 72.719] 
 Seen_acc:[99.316, 98.389, 97.656, 96.997, 96.436, 95.483, 95.312, 95.215, 95.19, 94.995] 
 Unseen_acc:[96.289, 85.938, 81.706, 72.803, 70.391, 68.522, 67.353, 67.625, 69.97, 68.56] 
 HMean_acc:[97.779, 91.743, 88.972, 83.176, 81.38, 79.786, 78.93, 79.083, 80.654, 79.641] 
>>> 0109-21-58-34-826-Epo_0-Bs_128-sgd-Lr_0.1-decay0.0005-Mom_0.9-Max_100-NormF-T_16.00-tw_16.0-0.1-finetune-Avg_acc:[99.7, 97.732, 91.503, 88.023, 81.449, 78.497, 75.296, 72.784, 73.189, 74.495, 72.719] 
 Seen_acc:[99.316, 98.389, 97.656, 96.997, 96.436, 95.483, 95.312, 95.215, 95.19, 94.995] 
 Unseen_acc:[96.289, 85.938, 81.706, 72.803, 70.391, 68.522, 67.353, 67.625, 69.97, 68.56] 
 HMean_acc:[97.779, 91.743, 88.972, 83.176, 81.38, 79.786, 78.93, 79.083, 80.654, 79.641] 
>>> 0109-21-59-47-120-Epo_0-Bs_128-sgd-Lr_0.1-decay0.0005-Mom_0.9-Max_100-NormF-T_16.00-tw_16.0-0.1-finetune-Avg_acc:[99.7, 97.732, 91.503, 88.023, 81.449, 78.497, 75.296, 72.784, 73.189, 74.495, 72.719] 
 Seen_acc:[99.316, 98.389, 97.656, 96.997, 96.436, 95.483, 95.312, 95.215, 95.19, 94.995] 
 Unseen_acc:[96.289, 85.938, 81.706, 72.803, 70.391, 68.522, 67.353, 67.625, 69.97, 68.56] 
 HMean_acc:[97.779, 91.743, 88.972, 83.176, 81.38, 79.786, 78.93, 79.083, 80.654, 79.641] 
>>> 0109-22-10-07-584-Epo_0-Bs_128-sgd-Lr_0.1-decay0.0005-Mom_0.9-Max_100-NormF-T_16.00-tw_16.0-0.1-finetune-Avg_acc:[99.7, 97.732, 91.503, 88.023, 81.449, 78.497, 75.296, 72.784, 73.189, 74.495, 72.719] 
 Seen_acc:[99.316, 98.389, 97.656, 96.997, 96.436, 95.483, 95.312, 95.215, 95.19, 94.995] 
 Unseen_acc:[96.289, 85.938, 81.706, 72.803, 70.391, 68.522, 67.353, 67.625, 69.97, 68.56] 
 HMean_acc:[97.779, 91.743, 88.972, 83.176, 81.38, 79.786, 78.93, 79.083, 80.654, 79.641] 
>>> 0109-22-17-00-301-Epo_0-Bs_128-sgd-Lr_0.1-decay0.0005-Mom_0.9-Max_100-NormF-T_16.00-tw_16.0-0.1-finetune-Avg_acc:[99.7, 97.732, 91.452, 88.035, 81.395, 78.416, 75.232, 72.745, 73.153, 74.463, 72.614] 
 Seen_acc:[99.316, 98.413, 97.656, 96.997, 96.46, 95.508, 95.312, 95.215, 95.19, 94.995] 
 Unseen_acc:[96.289, 85.742, 81.706, 72.705, 70.234, 68.392, 67.297, 67.577, 69.926, 68.423] 
 HMean_acc:[97.779, 91.642, 88.972, 83.112, 81.284, 79.707, 78.891, 79.05, 80.625, 79.549] 
>>> 0109-22-27-59-089-Epo_0-Bs_128-sgd-Lr_0.1-decay0.0005-Mom_0.9-Max_100-NormF-T_16.00-tw_16.0-0.1-finetune-Avg_acc:[99.7, 97.732, 91.452, 88.035, 81.395, 78.416, 75.232, 72.745, 73.153, 74.463, 72.614] 
 Seen_acc:[99.316, 98.413, 97.656, 96.997, 96.46, 95.508, 95.312, 95.215, 95.19, 94.995] 
 Unseen_acc:[96.289, 85.742, 81.706, 72.705, 70.234, 68.392, 67.297, 67.577, 69.926, 68.423] 
 HMean_acc:[97.779, 91.642, 88.972, 83.112, 81.284, 79.707, 78.891, 79.05, 80.625, 79.549] 
>>> 0111-11-54-11-793-Epo_100-Bs_128-sgd-Lr_0.1-decay0.0005-Mom_0.9-Max_100-NormF-T_16.00-tw_16.0-0.1-hard_proto-Avg_acc:[100.0, 97.658, 95.961, 91.103, 89.663, 88.063, 87.143, 83.152, 82.118, 83.936, 82.658] 
 Seen_acc:[99.146, 98.413, 97.852, 96.313, 95.312, 94.946, 94.556, 94.556, 94.556, 94.385] 
 Unseen_acc:[97.266, 95.898, 88.086, 88.867, 88.125, 87.044, 82.606, 80.898, 82.934, 80.81] 
 HMean_acc:[98.197, 97.139, 92.713, 92.44, 91.578, 90.823, 88.178, 87.195, 88.364, 87.072] 
>>> 0111-21-57-11-391-Epo_100-Bs_128-sgd-Lr_0.1-decay0.0005-Mom_0.9-Max_100-NormF-T_16.00-tw_16.0-0.1-hard_proto-Avg_acc:[99.94, 97.61, 91.296, 85.42, 78.515, 77.456, 77.129, 75.811, 69.889, 69.751, 67.315] 
 Seen_acc:[99.048, 97.095, 95.972, 95.508, 94.995, 94.8, 94.36, 94.287, 94.263, 94.165] 
 Unseen_acc:[97.461, 89.844, 81.641, 70.215, 71.406, 72.005, 70.995, 63.853, 63.941, 61.832] 
 HMean_acc:[98.248, 93.329, 88.228, 80.931, 81.529, 81.845, 81.027, 76.141, 76.196, 74.648] 
>>> 0111-22-16-54-901-Epo_0-Bs_128-sgd-Lr_0.1-decay0.0005-Mom_0.9-Max_100-NormF-T_16.00-tw_16.0-0.1-hard_proto-Avg_acc:[99.7, 97.732, 91.503, 88.023, 81.449, 78.497, 75.296, 72.784, 73.189, 74.495, 72.719] 
 Seen_acc:[99.316, 98.389, 97.656, 96.997, 96.436, 95.483, 95.312, 95.215, 95.19, 94.995] 
 Unseen_acc:[96.289, 85.938, 81.706, 72.803, 70.391, 68.522, 67.353, 67.625, 69.97, 68.56] 
 HMean_acc:[97.779, 91.743, 88.972, 83.176, 81.38, 79.786, 78.93, 79.083, 80.654, 79.641] 
>>> 0111-22-23-02-609-Epo_100-Bs_128-sgd-Lr_0.1-decay0.0005-Mom_0.9-Max_100-NormF-T_16.00-tw_16.0-0.1-hard_proto-Avg_acc:[100.0, 96.765, 95.249, 93.747, 91.618, 87.758, 88.088, 85.803, 85.298, 86.312, 84.909] 
 Seen_acc:[99.072, 98.486, 98.315, 96.973, 96.68, 95.801, 95.215, 95.19, 95.19, 94.775] 
 Unseen_acc:[93.75, 94.043, 91.797, 91.016, 85.664, 87.272, 85.178, 84.174, 85.65, 83.733] 
 HMean_acc:[96.338, 96.213, 94.944, 93.9, 90.839, 91.338, 89.917, 89.344, 90.168, 88.912] 
>>> 0111-22-48-15-616-Epo_100-Bs_128-sgd-Lr_0.1-decay0.0005-Mom_0.9-Max_100-NormF-T_16.00-tw_16.0-0.1-hard_proto-Avg_acc:[99.94, 97.61, 91.296, 85.42, 78.515, 77.456, 77.129, 75.811, 69.889, 69.751, 67.315] 
 Seen_acc:[99.048, 97.095, 95.972, 95.508, 94.995, 94.8, 94.36, 94.287, 94.263, 94.165] 
 Unseen_acc:[97.461, 89.844, 81.641, 70.215, 71.406, 72.005, 70.995, 63.853, 63.941, 61.832] 
 HMean_acc:[98.248, 93.329, 88.228, 80.931, 81.529, 81.845, 81.027, 76.141, 76.196, 74.648] 
